Kwdikos proiontos (<kwdikos>-<kwdikos xrwmatos>-<kwdikos megethous>),pricer,discounted_price
58758-015-06,62,37.2
58758-015-05,62,37.2
58758-015-04,62,37.2
58758-015-03,62,37.2
58758-015-02,62,37.2
58759-015-07,66,39.6
58759-015-06,66,39.6
58759-015-05,66,39.6
58759-015-04,66,39.6
58759-015-03,66,39.6
58759-015-02,66,39.6
57385-556-02,233,198.05
57385-556-04,233,198.05
57385-556-03,233,198.05
57110-561-02,54,19
57110-561-01,54,19
56634-007-04,139,118.15
56634-007-03,139,118.15
56634-007-02,139,118.15
59177-013-02,210,178.5
59177-013-03,210,178.5
59177-013-04,210,178.5
59177-013-05,210,178.5
59176-082-02,210,178.5
59176-082-03,210,178.5
59176-082-04,210,178.5
59176-082-05,210,178.5
59167-013-01,289,245.65
59167-013-02,289,245.65
59167-013-03,289,245.65
59170-028-02,186,158
59170-028-03,186,158
59175-556-02,189,160.65
59175-556-03,189,160.65
59175-556-04,189,160.65
59174-096-02,167,141.95
59174-096-03,167,141.95
59174-096-04,167,141.95
59166-028-01,289,
59166-028-02,289,
59166-028-03,289,
59117-012-01,209,177.65
59117-012-02,209,177.65
59117-012-03,209,177.65
59173-027-02,145,123.25
59173-027-03,145,123.25
59173-027-04,145,123.25
59173-027-05,145,123.25
59132-247-01,319,271.15
59132-247-02,319,271.15
59132-247-03,319,271.15
59132-247-04,319,271.15
59171-543-02,249,211.65
59171-543-03,249,211.65
59171-543-04,249,211.65
59172-051-02,233,198.05
59172-051-03,233,198.05
59172-051-04,233,198.05
59116-488-01,289,245.65
59116-488-02,289,245.65
59116-488-03,289,245.65
58520-082-02,342,290.7
58520-082-04,342,290.7
58520-082-03,342,290.7
59070-012-01,175,
59070-012-04,175,
59070-012-03,175,
59070-012-02,175,
59129-082-01,330,280.5
59129-082-04,330,280.5
59129-082-03,330,280.5
59129-082-02,330,280.5
59131-325-03,199,
59131-325-01,199,
59131-325-04,199,
59131-325-02,199,
59071-015-01,204,173.4
59071-015-02,204,173.4
59071-015-03,204,173.4
59115-561-01,235,199.75
59115-561-02,235,199.75
59115-561-03,235,199.75
57386-027-04,189,160.65
57386-027-02,189,160.65
57386-027-03,189,160.65
59130-597-03,189,160.65
59130-597-02,189,160.65
59130-597-01,189,160.65
59130-597-04,189,160.65
59127-597-03,255,216.75
59127-597-02,255,216.75
59127-597-01,255,216.75
59127-597-04,255,216.75
59126-096-01,189,160
59126-096-02,189,160
59126-096-04,189,160
59126-096-03,189,160
59118-293-03,276,234.6
59118-293-01,276,234.6
59118-293-02,276,234.6
59118-293-04,276,234.6
59125-514-03,285,242.25
59125-514-01,285,242.25
59125-514-02,285,242.25
59125-514-04,285,242.25
59050-596-05,151,120.8
59050-596-06,151,120.8
59049-013-05,315,252
59049-013-06,315,252
59049-013-07,315,252
59048-596-04,169,126.75
59048-596-05,169,126.75
59048-596-06,169,126.75
59047-031-04,229,183.2
59047-031-05,229,183.2
59047-031-06,229,183.2
59031-019-03,46,32.2
59031-019-04,46,32.2
58908-501-01,49,34.3
58908-501-02,49,34.3
58999-022-01,35,17.5
59028-004-01,39,27.3
59028-004-02,39,27.3
59007-004-01,25,12.5
58910-501-01,49,34.3
58910-501-02,49,34.3
59012-590-01,29,14.5
59043-051-06,38,19
59043-051-02,38,19
59043-051-03,38,19
59043-051-04,38,19
59043-051-05,38,19
59010-007-01,22,11
58907-013-01,50,35
58907-013-02,50,35
59112-550-06,59,53.1
59112-550-05,59,53.1
59112-550-02,59,53.1
59112-550-03,59,53.1
59112-550-04,59,53.1
58241-014-02,65,58.5
58241-014-03,65,58.5
58241-014-04,65,58.5
58241-014-05,65,58.5
58241-014-06,65,58.5
58241-014-07,65,58.5
58241-514-02,65,58.5
58241-514-03,65,58.5
58241-514-04,65,58.5
58241-514-05,65,58.5
58241-514-06,65,58.5
58241-514-07,65,58.5
59113-550-03,64,57.6
59113-550-04,64,57.6
59113-550-05,64,57.6
59113-550-06,64,57.6
59114-514-06,60,54
59114-514-02,60,54
59114-514-03,60,54
59114-514-04,60,54
59114-514-05,60,54
59114-550-02,60,54
59114-550-03,60,54
59114-550-04,60,54
59114-550-05,60,54
59114-550-07,60,54
59111-550-02,69,55.2
59111-550-03,69,55.2
59111-550-04,69,55.2
59111-550-05,69,55.2
59111-550-06,69,55.2
59111-550-07,69,55.2
59110-514-02,67,53.6
59110-514-03,67,53.6
59110-514-04,67,53.6
59110-514-05,67,53.6
59110-514-06,67,53.6
59110-514-07,67,53.6
59110-550-02,67,53.6
59110-550-03,67,53.6
59110-550-04,67,53.6
59110-550-05,67,53.6
59110-550-06,67,53.6
59110-550-07,67,53.6
59111-514-02,69,55.2
59111-514-03,69,55.2
59111-514-04,69,55.2
59111-514-05,69,55.2
59111-514-06,69,55.2
59111-514-07,69,55.2
58242-015-02,65,
58242-015-03,65,
58242-015-04,65,
58242-015-05,65,
58242-015-06,65,
58242-550-07,65,
59109-514-02,65,58.5
59109-514-07,65,58.5
59109-514-03,65,58.5
59109-514-04,65,58.5
59109-514-05,65,58.5
59109-514-06,65,58.5
59109-550-07,65,58.5
59109-550-03,65,58.5
59109-550-04,65,58.5
59109-550-05,65,58.5
59109-550-06,65,58.5
59038-029-02,47,32.9
59038-029-01,47,32.9
58858-028-05,233,198.05
58858-028-04,233,198.05
58858-028-03,233,198.05
58858-028-02,233,198.05
58877-488-02,240,204
58877-488-03,240,204
58877-488-04,240,204
58515-029-03,294,249.9
58515-029-04,294,249.9
58515-029-02,294,249.9
58513-019-02,239,203.15
58513-019-03,239,203.15
58513-019-04,239,203.15
58513-019-05,239,203.15
56065-547-05,219,186.15
56065-547-04,219,186.15
56065-547-03,219,186.15
56065-547-02,219,186.15
59016-019-03,46,32.2
59016-019-04,46,32.2
59003-004-04,44,22
59035-594-01,44,30.8
59035-594-02,44,30.8
59042-281-02,46,36.8
59042-281-03,46,36.8
59042-281-04,46,36.8
59042-281-05,46,36.8
59042-281-06,46,36.8
58911-501-04,59,41.3
58998-023-03,48,24
59032-281-01,39,19.5
59032-281-02,39,19.5
59032-281-03,39,19.5
59032-281-04,39,19.5
59034-023-01,38,19
59034-022-01,38,19
59034-561-01,38,19
59034-003-01,38,19
59021-011-01,43,30.1
59021-011-02,43,30.1
59027-044-04,52,36.4
59027-044-03,52,36.4
58909-251-01,54,37.8
58909-251-02,54,37.8
58996-005-01,39,19.5
58996-005-03,39,19.5
58996-005-04,39,19.5
59006-004-01,28,14
59030-031-01,44,29
59030-004-01,44,29
59030-003-01,44,29
59030-096-01,44,29
59030-293-01,44,29
58913-013-01,49,34.3
58913-013-02,49,34.3
59039-281-06,43,34.4
59039-281-05,43,34.4
59039-281-04,43,34.4
59039-281-03,43,34.4
59039-281-02,43,34.4
59039-003-06,43,34.4
59039-003-05,43,34.4
59039-003-04,43,34.4
59039-003-03,43,34.4
59039-003-02,43,34.4
59024-436-01,44,30.8
59024-436-02,44,30.8
59015-529-01,33,23.1
59015-529-02,33,23.1
59002-004-01,47,23.5
59019-514-03,54,37.8
59019-514-04,54,37.8
58995-051-01,36,18
59009-506-01,29,14.5
59022-097-01,45,31.5
59022-097-02,45,31.5
59066-019-03,158,126.4
59066-019-04,158,126.4
59066-019-05,158,126.4
59033-013-04,46,32.2
59033-013-03,46,32.2
59068-015-02,148,118.4
59068-015-05,148,118.4
59004-004-01,33,16.5
59005-013-04,45,22.5
59064-281-02,169,135.2
59064-281-03,169,135.2
59064-281-04,169,135.2
59064-281-05,169,135.2
58906-013-01,59,41.3
58906-013-02,59,41.3
59017-004-01,49,35
59017-004-03,49,35
59017-004-05,49,35
59017-281-01,49,35
59017-281-03,49,35
59017-281-05,49,35
59008-006-01,29,14.5
59025-031-04,44,30.8
59025-031-03,44,30.8
59018-013-03,39,27.3
59018-013-04,39,27.3
58301-003-02,85.99,49.9
58301-003-03,85.99,49.9
58301-003-04,85.99,49.9
59040-004-01,40,20
59040-004-02,40,20
59040-004-03,40,20
59040-004-04,40,20
59040-289-01,40,20
59040-289-02,40,20
59040-289-03,40,20
59040-289-04,40,20
59036-351-01,46,32.2
59036-351-02,46,32.2
59023-023-01,44,15.9
59023-013-01,44,15.9
59026-052-01,29,14.5
59023-561-01,44,15.9
59023-019-01,44,15.9
59026-014-01,29,14.5
59037-029-04,52,36.4
59037-029-03,52,36.4
59026-247-01,29,14.5
59026-293-01,29,14.5
59020-013-01,38,15.9
59020-027-01,38,15.9
59020-097-01,38,15.9
59029-293-01,39.9,25
59020-561-01,38,15.9
59029-096-01,39.9,25
59029-003-01,39.9,25
59020-003-01,38,15.9
59020-023-01,38,15.9
59020-029-01,38,15.9
59029-031-01,39.9,25
59000-006-01,35,17.5
59045-396-01,326,277.1
59045-396-02,326,277.1
59045-396-03,326,277.1
59045-396-04,326,277.1
59045-097-01,326,277.1
59045-097-02,326,277.1
59045-097-03,326,277.1
59045-097-04,326,277.1
58894-027-01,109,92.65
58894-027-02,109,92.65
58894-027-03,109,92.65
58894-396-01,109,92.65
58894-396-02,109,92.65
58894-396-03,109,92.65
58210-561-02,132,112.2
58210-561-03,132,112.2
58210-561-04,132,112.2
58210-293-02,132,112.2
58210-293-03,132,112.2
58210-293-04,132,112.2
58205-027-04,174,147.9
58205-027-02,174,147.9
58205-027-03,174,147.9
55627-561-02,159,135.15
55627-561-03,159,135.15
58883-028-03,226,192.1
58883-028-01,226,192.1
58883-028-02,226,192.1
58883-028-04,226,192.1
58874-293-02,238,202.3
58874-293-03,238,202.3
58874-293-04,238,202.3
58947-561-03,194,164.9
58895-028-01,187,158.95
58895-028-02,187,158.95
58895-028-03,187,158.95
49640-013-03,279,89.9
49640-013-05,279,89.9
58886-007-02,430,365.5
58944-488-06,169,143.65
58944-488-04,169,143.65
58944-488-03,169,143.65
58875-293-02,245,208.25
58875-293-03,245,208.25
58875-293-04,245,208.25
56629-022-02,144,69
56629-022-03,144,69
56629-022-04,144,69
50441-465-04,129,49.9
58956-097-09,215,182.75
58956-097-07,215,182.75
58956-097-08,215,182.75
58956-097-06,215,182.75
58873-027-04,255,216.75
58873-027-03,255,216.75
58873-027-02,255,216.75
58867-044-03,122,103.7
58867-044-02,122,103.7
58867-044-01,122,103.7
58866-082-03,129,109.65
58866-082-02,129,109.65
58866-082-01,129,109.65
58946-514-06,258,219.3
58946-514-05,258,219.3
58946-514-02,258,219.3
58946-514-03,258,219.3
58946-514-04,258,219.3
58868-082-01,211,179.35
58868-082-02,211,179.35
58868-082-03,211,179.35
58950-488-07,344,292.4
58876-293-08,277,235.45
58876-293-07,277,235.45
58876-293-06,277,235.45
58876-293-05,277,235.45
58949-561-03,252,214.2
58865-007-03,219,186.15
58865-007-02,219,186.15
58865-007-01,219,186.15
58864-007-03,285,242.25
58864-007-02,285,242.25
58864-007-01,285,242.25
58864-007-04,285,242.25
58863-488-04,242,205.7
58863-488-03,242,205.7
58863-488-02,242,205.7
58863-488-01,242,205.7
58862-530-03,142,120.7
58862-530-02,142,120.7
58862-530-01,142,120.7
58881-396-05,269,228.65
58881-396-03,269,228.65
58881-396-02,269,228.65
58881-396-04,269,228.65
58955-530-08,313,266.05
58955-530-06,313,266.05
58250-007-02,116.23,69
58250-007-01,116.23,69
58952-027-06,196,166.6
58952-027-04,196,166.6
58952-027-03,196,166.6
58945-247-07,218,185.3
58945-247-04,218,185.3
58945-247-06,218,185.3
58958-396-06,199,169.15
58958-396-07,199,169.15
58958-396-08,199,169.15
58958-396-09,199,169.15
58861-530-03,136,115.6
58861-530-02,136,115.6
58861-530-01,136,115.6
58853-097-04,269,228.65
58853-097-03,269,228.65
58853-097-02,269,228.65
58853-097-01,269,228.65
58882-082-03,182,154.7
58882-082-02,182,154.7
58882-082-01,182,154.7
58879-325-03,197,167.45
58879-325-02,197,167.45
58879-325-04,197,167.45
58879-325-05,197,167.45
58849-396-05,284,241.4
58849-396-02,284,241.4
58849-396-03,284,241.4
58849-396-04,284,241.4
58887-007-03,470,399.5
58857-281-05,240,204
58857-281-04,240,204
58857-281-03,240,204
58857-281-02,240,204
58852-027-01,220,187
58852-027-04,220,187
58852-027-02,220,187
58851-044-04,240,204
58851-044-01,240,204
58851-044-03,240,204
58851-044-02,240,204
58848-293-01,220,187
58848-293-03,220,187
58848-293-02,220,187
58847-097-01,239,203.15
58847-097-03,239,203.15
58847-097-02,239,203.15
58846-029-01,289,245.65
58846-029-03,289,245.65
58846-029-02,289,245.65
58845-007-03,196,166.6
58845-007-01,196,166.6
58845-007-02,196,166.6
58844-051-01,239,203.15
58844-051-03,239,203.15
58844-051-02,239,203.15
58798-293-03,306,260.1
58798-293-02,306,260.1
58798-293-01,306,260.1
58546-519-02,184,156.4
58546-519-04,184,156.4
58546-519-03,184,156.4
58544-007-04,247,209.95
58544-007-02,247,209.95
58544-007-03,247,209.95
58941-488-05,271,230.35
58941-488-04,271,230.35
58941-488-02,271,230.35
58941-488-03,271,230.35
58890-007-03,450,382.5
49471-029-07,210,79
58871-465-04,219,186.15
58871-465-03,219,186.15
58871-465-02,219,186.15
58871-465-01,219,186.15
58222-561-01,106.54,
58222-561-02,106.54,
56073-028-02,168,117
56073-028-04,168,117
56073-028-03,168,117
58889-065-04,1200,1020
58894-016-01,109,92.65
58894-016-02,109,92.65
58894-016-03,109,92.65
58870-465-04,175,148.75
58870-465-03,175,148.75
58870-465-02,175,148.75
58870-465-01,175,148.75
58954-396-06,265,225.25
58856-556-01,204,173.4
58856-556-02,204,173.4
58856-556-03,204,173.4
58856-556-04,204,173.4
58888-007-02,520,442
58888-007-04,520,442
58951-096-03,240,204
58940-082-05,240,204
58940-082-02,240,204
58940-082-03,240,204
58960-281-09,345,293.25
58960-281-08,345,293.25
58960-281-07,345,293.25
58960-281-06,345,293.25
58960-281-05,345,293.25
58869-561-05,194,164.9
58869-561-04,194,164.9
58869-561-03,194,164.9
58869-561-02,194,164.9
58203-029-02,218,185.3
58203-029-03,218,185.3
58203-029-04,218,185.3
58850-007-04,311,264.35
58850-007-03,311,264.35
58850-007-02,311,264.35
58850-007-01,311,264.35
58850-247-04,311,264.35
58850-247-03,311,264.35
58850-247-02,311,264.35
58850-247-01,311,264.35
58885-007-03,650,552.5
58872-281-02,349,296.65
58872-281-03,349,296.65
58872-281-04,349,296.65
58872-281-05,349,296.65
58953-029-03,184,156.4
58893-097-01,199,169.15
58943-016-03,252,214.2
58880-027-04,226,192.1
58880-027-03,226,192.1
58880-027-02,226,192.1
58878-097-02,197,167.45
58878-097-03,197,167.45
58878-097-04,197,167.45
58505-561-02,262,222.7
58160-007-02,146,73
58160-007-03,146,73
58160-007-04,146,73
57503-007-05,249,211.65
57503-007-04,249,211.65
57503-007-03,249,211.65
57503-007-02,249,211.65
57459-332-08,195,165.75
57459-332-10,195,165.75
57459-332-09,195,165.75
57459-332-07,195,165.75
56290-022-02,169,99
56290-022-03,169,99
56290-022-04,169,99
56290-022-05,169,99
56128-519-06,236,200.6
56128-519-05,236,200.6
56128-519-04,236,200.6
56128-519-03,236,200.6
57851-082-02,199,169.15
57851-082-03,199,169.15
57851-082-04,199,169.15
58208-007-02,131,111.35
58208-007-03,131,111.35
58208-007-04,131,111.35
58504-019-02,239,203.15
58504-019-03,239,203.15
58504-019-04,239,203.15
58504-019-05,239,203.15
57391-044-02,211,179.35
57391-044-03,211,179.35
57391-044-04,211,179.35
57391-044-05,211,179.35
56065-561-05,219,186.15
56065-561-04,219,186.15
56065-561-03,219,186.15
56065-561-02,219,186.15
58959-396-09,195,165.75
58959-396-07,195,165.75
58959-396-06,195,165.75
58959-396-08,195,165.75
58959-097-06,195,165.75
58959-097-08,195,165.75
58957-561-06,214,181.9
58957-561-04,214,181.9
58957-561-05,214,181.9
58957-561-07,214,181.9
58957-097-06,214,181.9
58957-097-04,214,181.9
58957-097-05,214,181.9
58957-097-07,214,181.9
58737-396-07,149,126.65
58737-396-09,149,126.65
58737-396-08,149,126.65
58737-396-06,149,126.65
58216-069-08,174,147.9
58216-069-07,174,147.9
58216-069-05,174,147.9
58216-069-06,174,147.9
57994-561-09,199,169.15
57994-561-08,199,169.15
57994-561-07,199,169.15
57994-561-06,199,169.15
58478-097-08,168,142.8
58478-097-05,168,142.8
58478-097-06,168,142.8
58478-097-07,168,142.8
58553-281-09,234,198.9
58553-281-08,234,198.9
58553-281-07,234,198.9
58553-281-06,234,198.9
57762-082-09,192,163.2
57762-082-08,192,163.2
57762-082-06,192,163.2
57762-082-07,192,163.2
57720-039-08,208,176.8
57720-039-07,208,176.8
57720-039-09,208,176.8
57720-039-10,208,176.8
58990-005-01,69.9,55.9
58990-023-01,69.9,
58991-004-01,34,17
58989-023-01,36,18
58987-007-01,19.9,9.95
58994-096-01,29,14.5
58993-015-01,36,18
58992-004-01,23,11.5
58992-027-01,23,11.5
58992-005-01,23,11.5
58992-023-01,23,11.5
58986-096-01,38,19
58986-523-01,38,19
58986-097-01,38,19
58985-029-01,28,14
58985-007-01,28,14
58985-023-01,28,14
58985-022-01,28,14
58984-023-01,26,13
58984-096-01,26,13
58988-005-01,42,21
58988-004-01,42,21
58988-023-01,42,21
58983-005-01,38,30.4
58983-005-02,38,30.4
58983-005-03,38,30.4
58983-005-04,38,30.4
58982-293-01,42,21
58823-561-01,34,17
58982-005-01,42,21
58982-530-01,42,21
58982-281-01,42,21
58823-488-01,34,17
56062-465-03,214,181.9
56062-465-02,214,181.9
56062-465-05,214,181.9
56062-465-04,214,181.9
56062-097-03,214,181.9
56062-097-02,214,181.9
56062-097-05,214,181.9
56062-097-04,214,181.9
56062-556-03,214,181.9
56062-556-02,214,181.9
56062-556-05,214,181.9
56062-556-04,214,181.9
56062-443-04,214,181.9
56062-443-03,214,181.9
56062-443-02,214,181.9
56062-443-05,214,181.9
56062-029-03,214,181.9
56062-029-02,214,181.9
56062-029-05,214,181.9
57666-023-05,249,99
57666-023-02,249,99
57666-023-03,249,99
57666-023-04,249,99
58860-051-05,449,381.65
58860-051-04,449,381.65
58860-051-01,449,381.65
58860-051-02,449,381.65
58860-051-03,449,381.65
58822-561-04,299,254.15
58822-561-05,299,254.15
58822-561-06,299,254.15
58822-561-07,299,254.15
58820-052-03,310,263.5
58820-052-04,310,263.5
58820-052-05,310,263.5
58820-052-06,310,263.5
58819-396-01,321,272.85
58819-396-04,321,272.85
58819-396-02,321,272.85
58819-396-03,321,272.85
58818-396-04,359,305.15
58818-396-01,359,305.15
58818-396-02,359,305.15
58818-396-03,359,305.15
58813-097-06,236,200.6
58813-097-05,236,200.6
58813-097-02,236,200.6
58813-097-03,236,200.6
58813-097-04,236,200.6
58811-332-02,237,201.45
58811-332-01,237,201.45
58811-332-03,237,201.45
58811-332-04,237,201.45
58810-332-02,248,210.8
58810-332-01,248,210.8
58810-332-03,248,210.8
58810-332-04,248,210.8
58812-556-02,248,210.8
58812-556-01,248,210.8
58812-556-03,248,210.8
58812-556-04,248,210.8
58802-052-07,342,290.7
58802-052-04,342,290.7
58802-052-05,342,290.7
58802-052-06,342,290.7
58801-051-01,254,
58801-051-02,254,
58801-051-03,254,
58800-561-01,246,209.1
58800-561-02,246,209.1
58800-561-03,246,209.1
58799-556-01,254,190
58799-556-02,254,190
58799-556-03,254,190
58794-556-04,306,260.1
58794-556-07,306,260.1
58794-556-05,306,260.1
58794-556-06,306,260.1
58797-561-01,295,250.75
58797-561-02,295,250.75
58797-561-03,295,250.75
58694-097-02,144,122.4
58694-097-03,144,122.4
58792-556-01,174,147.9
58792-556-02,174,147.9
58792-556-03,174,147.9
58793-396-01,346,294.1
58793-396-02,346,294.1
58793-396-03,346,294.1
58793-247-01,346,294.1
58793-247-02,346,294.1
58793-247-03,346,294.1
55627-007-03,159,135.15
55627-007-02,159,135.15
55627-443-02,159,135.15
55627-550-02,159,135.15
55627-550-03,159,135.15
55627-550-04,159,135.15
55627-488-04,159,135.15
55627-488-02,159,135.15
55627-488-03,159,135.15
55627-465-04,159,135.15
55627-465-03,159,135.15
55627-465-02,159,135.15
55627-396-02,159,135.15
55627-097-04,159,135.15
55627-097-03,159,135.15
55627-097-02,159,135.15
58975-054-04,450,
58975-054-03,450,
58978-054-06,480,
58978-054-08,480,
58980-054-05,600,
58980-054-03,600,
58821-027-04,390,331.5
58821-027-05,390,331.5
58821-027-06,390,331.5
58821-027-07,390,331.5
58805-396-01,387,
58805-396-02,387,
58805-396-03,387,
58981-054-03,950,
58977-054-03,660,
58977-054-05,660,
58979-054-05,550,
58979-054-06,550,
58976-054-07,690,
58974-054-01,470,
58974-054-03,470,
58973-054-02,390,
58973-054-03,390,
58972-054-02,350,
57402-003-07,214,181.9
57402-003-08,214,181.9
57402-003-09,214,181.9
57402-003-10,214,181.9
57402-023-09,214,181.9
57402-023-10,214,181.9
56031-488-05,199,169.15
58214-561-05,149,126.65
58214-561-06,149,126.65
58214-561-07,149,126.65
58214-561-08,149,126.65
57967-003-01,66,56.1
58199-561-05,233,186
58199-561-06,233,186
58184-293-09,275,233.75
58184-293-08,275,233.75
58184-293-10,275,233.75
58184-293-07,275,233.75
58182-519-10,173,147.05
58182-519-09,173,147.05
58182-519-08,173,147.05
58182-519-07,173,147.05
58182-097-09,173,147.05
58182-097-08,173,147.05
58182-097-07,173,147.05
57764-396-06,152,129.2
57764-396-07,152,129.2
57764-396-08,152,129.2
57764-396-09,152,129.2
57762-003-07,192,163.2
57762-042-08,192,163.2
57762-042-09,192,163.2
57762-029-07,192,163.2
57762-029-08,192,163.2
57761-003-06,192,163.2
57761-003-08,192,163.2
57761-003-09,192,163.2
57761-003-07,192,163.2
56080-465-07,289,245.65
56080-465-09,289,245.65
58817-003-03,180,126
58817-003-04,180,126
58817-003-05,180,126
58817-003-06,180,126
58447-566-09,229,194.65
58447-566-08,229,194.65
58447-566-06,229,194.65
58795-097-07,248,210.8
58795-097-06,248,210.8
58795-097-05,248,210.8
57808-027-03,95,40
57808-027-04,95,40
57808-027-05,95,40
57808-396-02,95,40
57808-396-03,95,40
57808-396-04,95,40
57808-396-05,95,40
58806-003-01,78,66.3
58806-003-02,78,66.3
58806-003-03,78,66.3
58553-011-09,234,198.9
58553-011-08,234,198.9
58553-011-07,234,198.9
58553-011-06,234,198.9
58553-012-09,234,198.9
58553-012-08,234,198.9
58553-012-07,234,198.9
58553-012-06,234,198.9
58515-097-04,294,249.9
58515-097-02,294,249.9
58515-097-03,294,249.9
58814-097-03,188,159.8
58814-097-04,188,159.8
58814-097-05,188,159.8
58814-097-06,188,159.8
58737-011-06,149,126.65
58737-011-07,149,126.65
58737-011-08,149,126.65
58737-011-09,149,126.65
58816-097-01,224,190.4
58816-097-02,224,190.4
58816-097-03,224,190.4
58816-097-04,224,190.4
58809-012-01,129,90
58809-012-02,129,90
58809-012-03,129,90
58808-003-02,79,39.5
58808-003-03,79,39.5
58808-003-05,79,39.5
58807-004-03,66,56.1
58807-004-02,66,56.1
58504-015-02,239,203.15
58504-015-03,239,203.15
58504-015-04,239,203.15
58504-015-05,239,203.15
58600-256-05,233,198.05
58600-256-04,233,198.05
58600-256-03,233,198.05
58600-256-02,233,198.05
58597-547-03,196,166.6
58597-547-02,196,166.6
58528-396-02,185,157.25
58528-396-03,185,157.25
58528-396-04,185,157.25
58528-396-05,185,157.25
57728-519-07,179,89
57728-519-06,179,89
57728-519-05,179,89
56058-097-05,189,160.65
56058-097-04,189,160.65
56058-097-03,189,160.65
56058-097-02,189,160.65
57010-020-04,227,109
57010-020-03,227,109
57010-020-02,227,109
57401-465-07,169,143.65
57401-465-09,169,143.65
57401-465-10,169,143.65
57384-556-02,209,177.65
57384-556-03,209,177.65
57384-556-04,209,177.65
58210-007-02,132,112.2
58210-007-03,132,112.2
58210-007-04,132,112.2
58804-007-03,360,306
58804-007-02,360,306
58804-007-01,360,306
58457-004-04,544,380
58457-004-03,544,380
58815-007-04,224,190.4
58815-007-03,224,190.4
58815-007-02,224,190.4
58815-007-01,224,190.4
58028-028-11,289,245.65
58028-028-12,289,245.65
58028-028-13,289,245.65
56080-396-14,289,245.65
56080-396-13,289,245.65
56080-396-12,289,245.65
56080-396-11,289,245.65
56080-396-10,289,245.65
56080-396-09,289,245.65
56080-396-08,289,245.65
56080-396-07,289,245.65
58796-007-01,182,154.7
58796-007-03,182,154.7
58796-007-02,182,154.7
58408-007-07,139,118.15
58408-007-08,139,118.15
58408-007-06,139,118.15
58408-007-05,139,118.15
58757-054-03,1250,1062.5
58227-543-05,599,509.15
58227-543-04,599,509.15
58227-543-03,599,509.15
58227-543-02,599,509.15
58226-543-05,599,509.15
58226-543-03,599,509.15
56080-007-09,289,245.65
56080-007-10,289,245.65
56080-007-08,289,245.65
58115-007-04,392,333.2
58115-007-03,392,333.2
56062-007-04,214,181.9
56062-007-03,214,181.9
56062-007-02,214,181.9
56062-007-05,214,181.9
58743-006-02,52,36.4
58743-006-01,52,36.4
58742-003-02,47,32.9
58742-003-01,47,32.9
58740-003-04,56,39.2
58740-003-03,56,39.2
58739-003-02,39,19.5
58739-003-01,39,19.5
58745-011-03,64,44.8
58738-011-03,46,32.2
58741-501-01,25,
58741-501-02,25,
58733-005-05,59.9,29.95
58733-005-04,59.9,29.95
58733-005-03,59.9,29.95
58733-003-04,59.9,29.95
58733-003-03,59.9,29.95
58143-003-04,119.99,59.99
58143-003-02,119.99,59.99
58143-003-01,119.99,59.99
58513-097-02,239,203.15
58513-097-03,239,203.15
58513-097-04,239,203.15
58513-097-05,239,203.15
58721-003-05,149.9,74.95
58721-003-04,149.9,74.95
58721-003-01,149.9,74.95
58721-003-02,149.9,74.95
58721-003-03,149.9,74.95
58721-016-03,149.9,74.95
58721-016-01,149.9,74.95
58721-016-02,149.9,74.95
58721-016-04,149.9,74.95
58719-001-01,167.5,
58719-001-02,167.5,
58719-001-03,167.5,
58719-001-04,167.5,
58719-001-05,167.5,
58720-027-01,164.9,
58720-027-02,164.9,
58720-027-03,164.9,
58720-027-04,164.9,
57993-396-07,165,140.25
58475-029-06,195,165.75
58475-029-07,195,165.75
58475-029-09,195,165.75
58551-561-06,177,150.45
58551-561-09,177,150.45
58535-577-08,193,164.05
58535-577-07,193,164.05
58535-577-06,193,164.05
58530-028-07,193,164.05
58530-028-06,193,164.05
58454-561-08,229,194.65
58454-488-06,229,194.65
58547-396-05,240,204
58547-396-06,240,204
58547-396-07,240,204
58547-396-08,240,204
58547-519-06,240,204
58547-519-07,240,204
58547-519-08,240,204
58547-519-05,240,204
58552-396-08,142,120.7
58552-396-07,142,120.7
58552-396-06,142,120.7
58552-396-09,142,120.7
58693-003-01,82,69.7
58478-396-06,168,142.8
58478-396-07,168,142.8
58691-004-01,60,51
58550-281-06,169,143.65
58550-281-09,169,143.65
58550-281-08,169,143.65
58550-281-07,169,143.65
58550-028-09,169,143.65
58550-028-06,169,143.65
58549-281-06,204,173.4
58549-281-09,204,173.4
58549-281-08,204,173.4
58549-016-06,204,173.4
58549-016-08,204,173.4
58550-097-08,169,143.65
58550-097-09,169,143.65
58549-015-09,204,173.4
58549-015-07,204,173.4
58549-015-06,204,173.4
58458-097-06,214,181.9
58458-097-07,214,181.9
58458-097-08,214,181.9
58458-097-09,214,181.9
58458-396-06,214,181.9
58458-396-09,214,181.9
58458-396-08,214,181.9
58458-396-07,214,181.9
58450-521-04,327,228
58525-556-07,194,164.9
58525-556-06,194,164.9
58525-556-08,194,164.9
58525-012-08,194,164.9
58525-012-07,194,164.9
58525-012-06,194,164.9
58474-396-08,219,186.15
58474-396-06,219,186.15
58474-396-07,219,186.15
58474-396-09,219,186.15
58474-097-06,219,186.15
58474-097-07,219,186.15
58474-097-08,219,186.15
58474-097-09,219,186.15
58440-028-06,245,208.25
58440-028-07,245,208.25
58440-028-08,245,208.25
58452-097-05,334,283.9
58452-097-04,334,283.9
58452-097-08,334,283.9
58452-097-07,334,283.9
58452-097-06,334,283.9
58439-028-09,269,228.65
58439-028-08,269,228.65
58441-028-09,255,204
58441-028-08,255,204
58441-028-07,255,204
58441-028-06,255,204
58438-281-06,236,200.6
58438-281-07,236,200.6
58437-396-09,359,287
58437-396-07,359,287
58437-051-09,359,287
58437-051-08,359,287
58437-051-06,359,287
58436-566-09,279,237.15
57992-012-06,194,164.9
57992-012-07,194,164.9
57992-012-08,194,164.9
57992-012-09,194,164.9
57992-097-09,194,164.9
57992-097-08,194,164.9
57992-097-07,194,164.9
57992-003-09,194,164.9
57992-003-08,194,164.9
57992-003-07,194,164.9
57992-003-06,194,164.9
57256-004-01,64,54.4
57256-003-01,64,54.4
58498-375-01,209,177.65
57884-561-09,192,163.2
57884-561-07,192,163.2
58496-097-02,322,273.7
58495-097-02,232,197.2
58599-028-07,240,204
58599-028-09,240,204
58599-028-10,240,204
58608-003-06,87.5,43.75
58608-003-05,87.5,43.75
58608-003-01,87.5,43.75
58608-003-03,87.5,43.75
58608-003-02,87.5,43.75
58608-005-04,87.5,43.75
58608-005-06,87.5,43.75
58608-005-05,87.5,43.75
58608-005-03,87.5,43.75
58608-005-02,87.5,43.75
58621-012-06,97.5,68.25
58621-012-05,97.5,68.25
58621-012-04,97.5,68.25
58621-012-03,97.5,68.25
58621-012-02,97.5,68.25
58696-003-06,39,
58696-003-05,39,
58696-003-02,39,
58697-003-06,29,
58697-003-05,29,
58697-003-03,29,
58697-003-04,29,
58697-003-02,29,
58698-003-03,42,
58698-003-02,42,
58698-003-06,42,
58698-003-05,42,
58698-003-04,42,
58699-041-02,36,28.8
58699-041-06,36,28.8
58699-041-05,36,28.8
58699-041-04,36,28.8
58699-041-03,36,28.8
58701-060-01,39,19.5
58700-011-06,39,
58700-011-04,39,
58700-011-03,39,
58700-011-02,39,
58453-556-09,334,283.9
58453-556-08,334,283.9
58453-556-07,334,283.9
58456-013-07,264,184
58603-016-06,56.25,28.1
58603-016-04,56.25,28.1
58603-016-03,56.25,28.1
58603-016-02,56.25,28.1
58603-016-01,56.25,28.1
58629-011-02,169,
58629-011-03,169,
58629-011-04,169,
58723-040-03,159,79.5
58723-040-01,159,79.5
58723-040-02,159,79.5
58635-016-03,169,84.5
58635-016-04,169,84.5
58635-016-02,169,84.5
58634-016-02,69.9,34.95
58634-016-03,69.9,34.95
58634-016-04,69.9,34.95
58633-012-02,89.9,62.93
58633-012-03,89.9,62.93
58632-022-02,69.9,34.95
58632-022-03,69.9,34.95
58631-022-02,89.9,62.93
58631-022-03,89.9,62.93
58631-022-04,89.9,62.93
58684-006-02,129,90.3
58684-006-03,129,90.3
58630-011-02,129,90.3
58630-011-03,129,90.3
58630-011-04,129,90.3
58687-003-03,79.9,39.95
58687-003-02,79.9,39.95
58685-003-02,159,79.5
58685-003-03,159,79.5
58685-003-04,159,79.5
58686-003-02,79.9,39.95
58686-003-03,79.9,39.95
58686-003-04,79.9,39.95
58689-003-03,84.9,42.45
58689-003-04,84.9,42.45
58689-003-05,84.9,42.45
58689-003-02,84.9,42.45
58682-003-06,87.5,61.25
58682-003-02,87.5,61.25
58682-003-03,87.5,61.25
58682-003-04,87.5,61.25
58682-003-05,87.5,61.25
58681-006-02,97.5,68.25
58681-006-03,97.5,68.25
58681-006-04,97.5,68.25
58681-006-05,97.5,68.25
58679-005-01,72.5,36.25
58679-005-02,72.5,36.25
58679-005-03,72.5,36.25
58679-005-04,72.5,36.25
58679-005-05,72.5,36.25
58678-006-01,72.5,36.25
58678-006-02,72.5,36.25
58678-006-03,72.5,36.25
58678-006-04,72.5,36.25
58678-006-05,72.5,36.25
58677-007-02,67.5,33.75
58677-007-03,67.5,33.75
58677-007-01,67.5,33.75
58676-093-01,47.5,23.75
58676-093-02,47.5,23.75
58676-093-03,47.5,23.75
58676-093-04,47.5,23.75
58616-003-01,69.9,34.95
58616-003-02,69.9,34.95
58616-003-03,69.9,34.95
58616-003-04,69.9,34.95
58614-006-03,62.5,31.25
58614-006-05,62.5,31.25
58617-006-01,62.5,31.25
58614-006-02,62.5,31.25
58614-006-04,62.5,31.25
58613-003-04,64.9,32.45
58613-003-01,64.9,32.45
58613-003-02,64.9,32.45
58613-003-03,64.9,32.45
58613-003-05,64.9,32.45
58620-006-02,89.9,62.93
58620-006-03,89.9,62.93
58619-005-02,77.5,54.25
58619-005-03,77.5,54.25
58619-005-04,77.5,54.25
58619-005-05,77.5,54.25
58618-006-01,87.5,61.25
58618-006-02,87.5,61.25
58618-006-03,87.5,61.25
58618-006-04,87.5,61.25
58617-006-04,105,73.5
58617-006-05,105,73.5
58617-006-02,105,73.5
58617-006-03,105,73.5
58615-012-01,54.9,27.45
58615-012-03,54.9,27.45
58615-012-02,54.9,27.45
58615-012-04,54.9,27.45
58612-006-01,85,42.5
58612-006-02,85,42.5
58612-006-03,85,42.5
58612-006-04,85,42.5
58612-006-05,85,42.5
58611-012-01,56.25,28.1
58611-012-02,56.25,28.1
58611-012-03,56.25,28.1
58611-012-04,56.25,28.1
58611-012-05,56.25,28.1
58611-012-06,56.25,28.1
58611-003-01,56.25,28.1
58611-003-02,56.25,28.1
58611-003-03,56.25,28.1
58611-003-04,56.25,28.1
58611-003-05,56.25,28.1
58611-003-06,56.25,28.1
58607-006-02,49.5,24.75
58607-006-04,49.5,24.75
58607-006-05,49.5,24.75
57762-396-07,192,163.2
57762-396-08,192,163.2
57762-396-06,192,163.2
57762-396-09,192,163.2
58610-003-01,57.5,46
58610-003-02,57.5,46
58610-003-03,57.5,46
58610-003-04,57.5,46
58609-003-03,54.9,27.45
58609-003-01,54.9,27.45
58609-003-02,54.9,27.45
58609-003-04,54.9,27.45
58609-003-05,54.9,27.45
58609-003-06,54.9,27.45
58606-006-02,72.5,36.25
58606-006-03,72.5,36.25
58606-006-04,72.5,36.25
58606-006-05,72.5,36.25
58605-006-01,58.75,29.38
58605-006-04,58.75,29.38
58605-006-02,58.75,29.38
58605-006-05,58.75,29.38
58604-006-01,58.75,29.38
58604-006-02,58.75,29.38
58604-006-03,58.75,29.38
58604-006-04,58.75,29.38
58604-006-05,58.75,29.38
58601-012-06,105,52.5
58601-012-02,105,52.5
58601-012-03,105,52.5
58601-012-04,105,52.5
58601-012-05,105,52.5
58603-003-01,56.25,28.1
58603-003-02,56.25,28.1
58603-003-03,56.25,28.1
58603-003-04,56.25,28.1
58603-003-05,56.25,28.1
58603-003-06,56.25,28.1
58603-012-06,56.25,28.1
58603-012-01,56.25,28.1
58603-012-02,56.25,28.1
58603-012-03,56.25,28.1
58603-012-04,56.25,28.1
58603-012-05,56.25,28.1
58602-016-05,110,55
58602-016-01,110,55
58602-016-02,110,55
58602-016-03,110,55
58602-016-04,110,55
58602-016-06,110,55
58602-003-01,110,55
58602-003-02,110,55
58602-003-03,110,55
58602-003-04,110,55
58602-003-05,110,55
58602-003-06,110,55
57369-588-02,169,89
57369-588-03,169,89
57369-588-04,169,89
58198-016-02,236,200.6
58198-016-03,236,200.6
58198-016-04,236,200.6
58536-012-02,172,146.2
58536-012-03,172,146.2
58536-012-04,172,146.2
58539-281-03,291,247.35
58539-281-04,291,247.35
58539-281-02,291,247.35
58539-281-05,291,247.35
58155-013-02,167,141.95
58155-013-04,167,141.95
58155-561-04,167,141.95
58500-019-01,219,186.15
58500-019-02,219,186.15
58460-023-03,196,156
58460-023-02,196,156
58460-023-04,196,156
58460-023-05,196,156
58460-561-03,196,156
58460-561-04,196,156
58460-561-05,196,156
58516-281-04,182,154.7
58516-281-02,182,154.7
58516-281-03,182,154.7
56073-009-02,168,117
56073-009-04,168,117
56073-009-03,168,117
56073-016-02,168,117
56073-016-04,168,117
56073-016-03,168,117
58542-501-02,159,135.15
58542-501-03,159,135.15
58542-501-04,159,135.15
57851-007-03,199,169.15
57851-007-02,199,169.15
57851-007-04,199,169.15
57851-029-03,199,169.15
57851-029-02,199,169.15
57851-029-04,199,169.15
58545-011-02,199,169.15
58545-011-03,199,169.15
58545-011-04,199,169.15
58399-488-03,185,129
58399-488-04,185,129
58399-488-05,185,129
58451-016-03,278,236.3
58451-016-04,278,236.3
58451-016-02,278,236.3
58159-588-02,163,138.55
58159-588-03,163,138.55
58159-588-04,163,138.55
58444-027-02,239,203.15
58444-027-03,239,203.15
58444-027-04,239,203.15
58444-027-05,239,203.15
58435-029-02,190,114
58435-029-03,190,114
58435-029-04,190,114
58403-027-02,163,99
58403-027-03,163,99
58403-027-04,163,99
58463-519-05,299,254.15
58463-007-04,299,254.15
58463-007-05,299,254.15
58463-007-06,299,254.15
58398-488-03,179,89
58398-488-04,179,89
58398-488-05,179,89
58398-488-02,179,89
58398-007-02,179,89
58398-007-03,179,89
58398-007-04,179,89
58398-007-05,179,89
58398-561-05,179,89
58398-561-02,179,89
58398-561-03,179,89
58398-561-04,179,89
58225-023-02,245,208.25
58225-023-03,245,208.25
58225-023-04,245,208.25
58225-023-05,245,208.25
58225-332-02,245,208.25
58225-332-03,245,208.25
58225-332-04,245,208.25
58225-332-05,245,208.25
58206-293-03,125,106.25
58206-293-04,125,106.25
58206-293-02,125,106.25
58175-521-07,252,126
58175-521-05,252,126
58175-521-03,252,126
57385-027-02,233,198.05
57385-027-03,233,198.05
57385-027-04,233,198.05
56062-027-04,214,181.9
56062-027-03,214,181.9
56062-027-02,214,181.9
56062-027-05,214,181.9
56062-019-04,214,181.9
56062-019-03,214,181.9
56062-019-02,214,181.9
56062-019-05,214,181.9
58541-501-02,119,101.15
58541-501-04,119,101.15
58537-028-02,170,144.5
58537-028-03,170,144.5
58537-028-04,170,144.5
58522-028-02,194,164.9
58522-028-03,194,164.9
58522-028-04,194,164.9
58544-396-04,247,209.95
58544-396-03,247,209.95
58544-396-02,247,209.95
58400-561-02,180,153
58400-561-03,180,153
58443-281-03,142,120.7
58443-281-05,142,120.7
57724-051-02,195,165.75
57724-051-03,195,165.75
57724-051-04,195,165.75
58188-028-02,176,149.6
58188-028-03,176,149.6
58188-028-04,176,149.6
58188-028-05,176,149.6
57942-396-02,216,183.6
57942-396-03,216,183.6
57942-396-04,216,183.6
58524-396-03,194,164.9
58524-396-02,194,164.9
58533-016-03,166,141.1
58533-016-02,166,141.1
58543-020-02,218,185.3
58543-020-03,218,185.3
58543-020-04,218,185.3
58543-020-05,218,185.3
58546-097-04,184,156.4
58546-097-02,184,156.4
58546-097-03,184,156.4
58548-281-08,279,237.15
58548-281-06,279,237.15
58548-281-05,279,237.15
58548-281-07,279,237.15
58548-281-09,279,237.15
58505-396-04,262,222.7
58505-396-03,262,222.7
58505-396-02,262,222.7
58459-488-02,240,204
58459-488-03,240,204
58459-488-04,240,204
58459-488-05,240,204
58459-396-02,240,204
58459-396-03,240,204
58459-396-04,240,204
58459-396-05,240,204
58459-028-02,240,204
58459-028-03,240,204
58459-028-04,240,204
58459-028-05,240,204
58459-561-02,240,204
58459-561-03,240,204
58459-561-04,240,204
58459-561-05,240,204
58459-016-02,240,204
58459-016-03,240,204
58459-016-04,240,204
58459-016-05,240,204
58519-013-02,199,169.15
58519-013-03,199,169.15
58519-013-04,199,169.15
58449-026-02,258,129
58449-026-03,258,129
58449-026-04,258,129
58477-003-02,265,225.25
58477-003-03,265,225.25
58477-003-04,265,225.25
58477-519-02,265,
58477-519-03,265,
58477-519-04,265,
58477-015-04,265,225.25
58477-015-02,265,225.25
58477-015-03,265,225.25
58477-023-04,265,225.25
58477-023-02,265,225.25
58477-023-03,265,225.25
58461-561-02,267,187
58461-561-03,267,187
58461-561-04,267,187
58461-028-02,267,187
58461-028-03,267,187
58461-028-04,267,187
58461-029-02,267,187
58461-029-03,267,187
58461-029-04,267,187
58514-012-02,189,160.65
58514-012-03,189,160.65
58514-012-04,189,160.65
58476-051-02,199,169.15
58476-051-03,199,169.15
58476-051-04,199,169.15
58476-097-02,199,169.15
58476-097-03,199,169.15
58476-097-04,199,169.15
58476-029-02,199,169.15
58476-029-03,199,169.15
58476-029-04,199,169.15
58504-281-05,239,203.15
58504-281-02,239,203.15
58504-281-03,239,203.15
58504-281-04,239,203.15
58504-556-04,239,203.15
58504-556-02,239,203.15
58504-556-03,239,203.15
58504-556-05,239,203.15
58203-097-02,218,185.3
58203-097-03,218,185.3
58203-097-04,218,185.3
58167-007-02,289,245.65
58167-007-03,289,245.65
58167-007-04,289,245.65
58167-007-05,289,245.65
58166-003-05,299,254.15
58166-003-02,299,254.15
58166-003-03,299,254.15
58166-003-04,299,254.15
58166-007-02,299,209
58166-007-03,299,209
58166-007-04,299,209
58166-007-05,299,209
58442-026-02,248,210.8
58442-026-03,248,210.8
58442-026-04,248,210.8
58442-026-05,248,210.8
58442-556-02,248,210.8
58442-556-03,248,210.8
58442-556-04,248,210.8
58442-556-05,248,210.8
58513-561-02,239,203.15
58513-561-03,239,203.15
58513-561-04,239,203.15
58513-561-05,239,203.15
58401-396-02,177,150.45
58401-396-03,177,150.45
58401-396-04,177,150.45
58401-396-05,177,150.45
58401-015-04,177,150.45
58401-015-02,177,150.45
58401-015-03,177,150.45
58401-015-05,177,150.45
58401-561-03,177,150.45
58401-561-02,177,150.45
58401-561-04,177,150.45
58401-561-05,177,150.45
58401-007-02,177,150.45
58401-007-03,177,150.45
58401-007-04,177,150.45
58401-007-05,177,150.45
58217-007-02,109,92.65
58217-007-03,109,92.65
58217-007-04,109,92.65
58225-545-03,245,208.25
58225-545-04,245,208.25
58225-545-05,245,208.25
58225-545-02,245,208.25
58246-016-01,155,99
58246-016-02,155,99
58246-016-03,155,99
58246-016-04,155,99
58246-097-05,155,99
58246-097-01,155,99
58246-097-02,155,99
58246-097-03,155,99
58246-097-04,155,99
58193-396-09,277,235.45
58193-396-10,277,235.45
58193-396-07,277,235.45
58193-396-08,277,235.45
58464-013-03,299,149
58464-013-04,299,149
58420-009-01,229,137
58420-009-02,229,137
58420-009-03,229,137
58198-026-04,236,200.6
58198-026-06,236,200.6
58198-026-03,236,200.6
58197-026-06,175,148.75
58197-026-03,175,148.75
58197-026-05,175,148.75
58197-026-04,175,148.75
58175-023-03,252,126
58176-036-03,283,240.55
58173-396-03,236,200.6
58173-011-03,236,200.6
58200-488-03,209,177.65
58177-007-03,317,269.45
56084-007-04,368,312.8
56084-396-06,368,312.8
56084-396-04,368,312.8
56084-396-08,368,312.8
56084-097-05,368,312.8
56084-097-07,368,312.8
58124-007-04,344,292.4
58124-007-05,344,292.4
58191-028-04,199,169.15
58191-028-03,199,169.15
58191-028-02,199,169.15
58121-007-03,264,224.4
58121-007-04,264,224.4
58121-007-05,264,224.4
58202-028-07,199,169.15
58201-509-05,214,181.9
58201-509-04,214,181.9
58190-556-09,183,155.55
58190-556-10,183,155.55
58181-007-05,265,225.25
58181-550-07,265,225.25
58179-007-08,317,269.45
58179-278-07,317,269.45
58246-029-01,155,99
58246-029-02,155,99
58246-029-03,155,99
58246-029-04,155,99
58178-396-08,331,281.35
58178-396-07,331,281.35
58178-396-06,331,281.35
58178-396-05,331,281.35
58178-396-04,331,281.35
58178-396-03,331,281.35
58178-007-05,331,281.35
58222-051-01,106,
58222-051-02,106,
57988-065-03,400,340
58113-007-04,270,229.5
58113-007-05,270,229.5
58113-007-06,270,229.5
58120-519-05,272,231.2
58199-013-05,233,186
58199-013-06,233,186
58195-396-09,239,203.15
58195-396-10,239,203.15
58195-396-07,239,203.15
53835-561-06,182,154.7
56068-029-05,199,169.15
56068-029-02,199,169.15
56068-029-03,199,169.15
56068-029-04,199,169.15
58407-556-03,149,74
58407-556-02,149,74
58405-247-03,179,143.2
58405-247-04,179,143.2
58405-247-05,179,143.2
58228-007-02,599,509.15
58228-007-03,599,509.15
58228-007-04,599,509.15
58228-007-05,599,509.15
58314-561-03,184,156.4
58314-561-02,184,156.4
58314-561-01,184,156.4
58317-009-03,189,99
58317-009-02,189,99
58317-009-01,189,99
58317-009-04,189,99
58317-029-04,189,99
58317-029-03,189,99
58317-029-02,189,99
58317-029-01,189,99
57469-519-06,256,217.6
57469-519-03,256,217.6
58315-027-03,184,156.4
58315-027-02,184,156.4
58315-027-01,184,156.4
58216-293-06,174,147.9
58216-293-08,174,147.9
58216-293-07,174,147.9
58216-293-05,174,147.9
58215-028-06,268,214
58215-028-08,268,214
58215-028-07,268,214
58215-028-05,268,214
58215-519-05,268,214
58215-519-08,268,214
58215-519-07,268,214
58215-519-06,268,214
58152-556-08,218,185.3
58152-556-07,218,185.3
58152-556-06,218,185.3
58156-281-04,209,177.65
58156-281-03,209,177.65
58156-281-02,209,177.65
58159-015-04,163,138.55
58159-015-02,163,138.55
58159-015-03,163,138.55
58174-488-02,283,141
58174-488-03,283,141
58205-007-03,174,147.9
58205-007-02,174,147.9
58205-007-04,174,147.9
58205-097-04,174,147.9
58205-097-03,174,147.9
58205-097-02,174,147.9
58205-016-04,174,147.9
58205-016-03,174,147.9
58205-016-02,174,147.9
58206-007-03,125,106.25
58206-007-04,125,106.25
58206-007-02,125,106.25
57846-028-10,189,160.65
57846-028-08,189,160.65
57846-028-09,189,160.65
57846-028-07,189,160.65
58245-396-06,229,194.65
58245-396-08,229,194.65
58245-396-09,229,194.65
58245-396-07,229,194.65
57723-022-11,195,165.75
57723-022-10,195,165.75
57723-022-09,195,165.75
57723-022-07,195,165.75
57723-022-08,195,165.75
57723-016-07,195,165.75
57723-016-05,195,165.75
57995-281-06,158,134.3
57995-281-08,158,134.3
57995-281-09,158,134.3
57995-281-07,158,134.3
57886-042-06,152,129.2
57886-042-08,152,129.2
57886-042-09,152,129.2
57886-042-07,152,129.2
58206-009-02,125,106.25
58206-009-03,125,106.25
58206-009-04,125,106.25
58118-396-05,320,272
58118-396-04,320,272
58221-097-04,189,160.65
58221-097-03,189,160.65
58221-097-02,189,160.65
58221-029-02,189,160.65
58221-029-04,189,160.65
58221-029-03,189,160.65
58123-097-03,380,149
58123-097-04,380,149
58123-029-05,380,149
58123-029-04,380,149
58117-013-05,392,274
58117-013-04,392,274
58116-396-05,460,391
58116-396-04,460,391
58218-097-06,143,121.55
58218-097-08,143,121.55
58218-097-05,143,121.55
58218-097-07,143,121.55
58109-007-04,216,183.6
58109-007-05,216,183.6
58109-012-05,216,183.6
58109-012-04,216,183.6
58109-012-06,216,183.6
58109-016-04,216,183.6
58109-016-03,216,183.6
56128-293-03,236,200.6
56128-293-06,236,200.6
56128-293-05,236,200.6
56128-293-04,236,200.6
57758-396-08,152,129.2
57758-396-06,152,129.2
57758-396-07,152,129.2
57758-396-09,152,129.2
57761-051-06,192,163.2
57761-051-08,192,163.2
57761-051-09,192,163.2
57761-051-07,192,163.2
57761-396-09,192,163.2
57761-396-07,192,163.2
57761-396-06,192,163.2
57761-396-08,192,163.2
57720-281-07,208,176.8
57720-281-09,208,176.8
57720-281-10,208,176.8
56292-097-02,199,169.15
56292-097-03,199,169.15
56292-097-04,199,169.15
56292-097-05,199,169.15
58183-519-02,173,147.05
58183-519-03,173,147.05
58183-519-04,173,147.05
58183-519-05,173,147.05
58172-488-02,261,221.85
58172-488-03,261,221.85
58172-488-04,261,221.85
58172-488-05,261,221.85
58243-097-06,146,124.1
58243-097-08,146,124.1
58243-097-09,146,124.1
58243-097-07,146,124.1
58213-396-06,156,132.6
58213-396-08,156,132.6
58213-396-05,156,132.6
58213-396-07,156,132.6
58182-013-09,173,147.05
58182-013-08,173,147.05
58182-013-10,173,147.05
58182-013-07,173,147.05
58172-007-02,261,221.85
58172-007-03,261,221.85
58172-007-04,261,221.85
58172-007-05,261,221.85
57459-012-07,195,165.75
57459-012-08,195,165.75
57459-012-10,195,165.75
57459-012-09,195,165.75
58170-561-02,271,230.35
58170-561-03,271,230.35
58170-561-04,271,230.35
58170-561-05,271,230.35
57459-028-10,195,165.75
57459-028-09,195,165.75
57459-028-07,195,165.75
57459-028-08,195,165.75
58184-028-09,275,233.75
58184-028-08,275,233.75
58184-028-10,275,233.75
58184-028-07,275,233.75
57994-016-09,199,169.15
57994-016-08,199,169.15
57994-016-06,199,169.15
57994-016-07,199,169.15
57994-488-09,199,169.15
57994-488-08,199,169.15
57994-488-06,199,169.15
57994-488-07,199,169.15
57994-396-09,199,169.15
57994-396-08,199,169.15
57994-396-06,199,169.15
57994-396-07,199,169.15
57994-281-09,199,169.15
57994-281-08,199,169.15
57994-281-06,199,169.15
57994-281-07,199,169.15
58244-488-07,210,157
58244-488-09,210,157
58244-488-08,210,157
58244-488-06,210,157
58166-519-02,299,254.15
58166-519-03,299,254.15
58166-519-04,299,254.15
58166-519-05,299,254.15
57874-545-05,289,245.65
57874-545-02,289,245.65
57874-545-03,289,245.65
57874-545-04,289,245.65
58158-488-02,219,186.15
58158-488-03,219,186.15
58158-488-04,219,186.15
57841-029-02,219,186.15
57841-029-03,219,186.15
57841-029-04,219,186.15
57841-029-05,219,186.15
58158-007-02,219,186.15
58158-007-03,219,186.15
58158-007-04,219,186.15
57503-332-02,249,211.65
57503-332-03,249,211.65
57503-332-04,249,211.65
57503-332-05,249,211.65
57396-015-02,169,143.65
57396-015-03,169,143.65
57396-015-04,169,143.65
58169-332-02,328,99
58169-332-03,328,99
58169-332-04,328,99
58169-332-05,328,99
58154-097-02,179,99
58154-097-03,179,99
58154-097-04,179,99
58154-029-02,179,99
58154-029-03,179,99
58154-029-04,179,99
58148-029-02,277,
58148-029-03,277,
58148-029-04,277,
57725-561-02,165,140.25
57725-561-03,165,140.25
57391-488-05,211,179.35
57391-488-02,211,179.35
57391-488-03,211,179.35
57391-488-04,211,179.35
57369-023-02,169,89
57369-023-03,169,89
57369-023-04,169,89
56660-332-05,313,234
56660-332-06,313,234
57375-023-05,306,260.1
57375-023-04,306,260.1
57375-023-03,306,260.1
57375-023-02,306,260.1
58149-029-05,209,104
58149-029-02,209,104
58149-029-03,209,104
58149-029-04,209,104
58249-396-01,117,
58249-396-02,117,
58249-396-03,117,
58248-012-01,129,77
58248-012-02,129,77
58248-012-03,129,77
58248-012-04,129,77
58248-016-04,129,77
58248-016-01,129,77
58248-016-02,129,77
58248-016-03,129,77
58224-488-02,162,129
58224-488-03,162,129
58224-488-04,162,129
58220-561-02,168,142.8
58220-561-03,168,142.8
58220-561-04,168,142.8
58164-530-02,148,65
58164-530-03,148,65
58164-530-04,148,65
58160-530-02,146,73
58160-530-03,146,73
58160-530-04,146,73
58203-027-02,218,185.3
58203-027-03,218,185.3
58203-027-04,218,185.3
58210-016-02,132,112.2
58210-016-03,132,112.2
58210-016-04,132,112.2
58171-027-02,285,242.25
58171-027-03,285,242.25
58171-027-05,285,242.25
58171-027-04,285,242.25
58208-443-02,131,111.35
58208-443-03,131,111.35
58208-443-04,131,111.35
58150-488-02,277,235.45
58150-488-03,277,235.45
58150-488-04,277,235.45
58150-011-02,277,235.45
58150-011-03,277,235.45
58150-011-04,277,235.45
58167-015-02,289,245.65
58167-015-03,289,245.65
58167-015-04,289,245.65
58167-015-05,289,245.65
57851-015-02,199,169.15
57851-015-03,199,169.15
57763-396-06,192,163.2
57763-396-07,192,163.2
57763-396-08,192,163.2
57763-396-09,192,163.2
56902-029-02,189,160.65
56902-029-03,189,160.65
56902-029-04,189,160.65
57942-488-03,216,183.6
57942-488-04,216,183.6
57850-488-02,218,185.3
57850-488-03,218,185.3
57850-488-04,218,185.3
57850-488-05,218,185.3
58037-015-03,215,182.75
58037-015-02,215,182.75
58037-015-04,215,182.75
57676-521-02,139,69
57676-521-03,139,69
57676-521-04,139,69
58059-029-01,210,178.5
58059-029-02,210,178.5
58059-029-03,210,178.5
58059-029-04,210,178.5
57386-009-05,189,
57386-009-04,189,
57386-009-03,189,
57386-009-02,189,
57807-576-05,126,107.1
57807-576-02,126,107.1
57807-576-03,126,107.1
57807-576-04,126,107.1
57807-561-05,126,107.1
57807-561-02,126,107.1
57807-561-03,126,107.1
57807-561-04,126,107.1
57390-025-05,186,158.1
57390-025-04,186,158.1
57390-025-03,186,158.1
57390-025-02,186,158.1
57873-007-02,149,126.65
57873-007-03,149,126.65
57873-007-04,149,126.65
57391-023-02,211,179.35
57391-023-03,211,179.35
57391-023-04,211,179.35
57391-023-05,211,179.35
57382-396-02,186,158.1
57382-396-03,186,158.1
57382-396-04,186,158.1
57382-488-02,186,158.1
57382-488-04,186,158.1
57382-281-02,186,158.1
57382-281-03,186,158.1
57382-281-04,186,158.1
56068-097-02,199,169.15
56068-097-03,199,169.15
56068-097-04,199,169.15
57971-011-05,66,33
57971-011-02,66,33
57971-011-03,66,33
57971-011-04,66,33
57971-011-01,66,33
57903-009-01,47,23.5
57903-009-02,47,23.5
57973-011-01,54,27
57973-011-02,54,27
57973-011-03,54,27
57973-011-04,54,27
58064-040-01,57,28.5
58064-040-02,57,28.5
58064-040-03,57,28.5
58064-040-04,57,28.5
57948-003-01,46,23
57948-003-02,46,23
57948-003-03,46,23
57948-003-04,46,23
57948-003-05,46,23
57211-060-02,69,19.9
57211-013-02,69,19.9
57945-060-01,42,21
57945-060-02,42,21
57945-060-03,42,21
57945-060-04,42,21
57945-060-05,42,21
58072-040-01,54,27
58072-040-02,54,27
58072-040-03,54,27
58072-040-04,54,27
57900-003-01,47,23.5
57900-003-02,47,23.5
58057-002-01,62,31
58057-002-02,62,31
58057-002-03,62,31
58057-002-04,62,31
57944-002-02,42,21
57944-002-03,42,21
57944-002-04,42,21
57944-002-05,42,21
57944-002-06,42,21
57944-002-07,42,21
58061-332-01,66,33
58061-332-02,66,33
58061-332-03,66,33
58061-332-04,66,33
57947-003-01,41,20.5
57947-003-02,41,20.5
57947-003-03,41,20.5
57947-003-05,41,20.5
58063-029-01,62,31
58063-029-02,62,31
58063-029-03,62,31
58063-029-04,62,31
58072-003-01,54,27
58072-003-02,54,27
58072-003-03,54,27
58072-003-04,54,27
58065-013-01,59,29.5
58065-013-03,59,29.5
58065-013-04,59,29.5
58069-029-02,66,33
58069-029-01,66,33
58069-029-03,66,33
58069-029-04,66,33
58064-029-04,57,28.5
58064-029-01,57,28.5
58064-029-02,57,28.5
58064-029-03,57,28.5
57966-003-02,78,66.3
57966-003-03,78,66.3
57966-003-04,78,66.3
57966-003-05,78,66.3
57966-003-06,78,66.3
56988-005-02,41,28.7
56988-005-03,41,28.7
56988-005-04,41,28.7
56988-005-05,41,28.7
56988-005-06,41,28.7
58071-011-03,69,34.5
58071-011-01,69,34.5
58071-011-02,69,34.5
58071-011-04,69,34.5
58071-029-01,69,34.5
58071-029-02,69,34.5
58071-029-03,69,34.5
58071-029-04,69,34.5
57967-016-01,66,56.1
57998-003-02,135,114.75
58002-003-02,145,72.5
58053-005-01,155,108
58053-005-02,155,108
58053-005-03,155,108
58053-005-04,155,108
57725-020-04,165,140.25
57725-020-02,165,140.25
57725-020-03,165,140.25
58055-036-01,268,227.8
58055-036-02,268,227.8
58055-036-03,268,227.8
58055-036-04,268,227.8
58003-003-02,109,76
58003-003-03,109,76
58003-003-04,109,76
58060-003-03,219,186.15
58060-003-04,219,186.15
58060-003-01,219,186.15
58060-003-02,219,186.15
58001-003-02,125,106.25
58001-003-03,125,106.25
58001-003-04,125,106.25
58035-556-02,169,143.65
58035-556-03,169,143.65
58035-556-04,169,143.65
57997-003-02,96,48
57997-003-03,96,48
57997-003-04,96,48
58067-003-01,139,69.5
58067-003-02,139,69.5
58067-003-03,139,69.5
58067-003-04,139,69.5
58067-029-01,139,69.5
58067-029-02,139,69.5
58067-029-03,139,69.5
58067-029-04,139,69.5
58068-097-01,135,114.75
58068-097-02,135,114.75
58068-097-03,135,114.75
58068-097-04,135,114.75
58075-005-01,72,29
58075-005-02,72,29
58075-005-03,72,29
58075-005-04,72,29
58056-013-01,110,55
58056-013-02,110,55
58056-013-03,110,55
58056-013-04,110,55
58054-556-01,120,102
58054-556-02,120,102
58054-556-03,120,102
58054-556-04,120,102
58051-029-01,124,105.4
58051-029-02,124,105.4
58051-029-03,124,105.4
58051-029-04,124,105.4
58074-003-01,117,58.5
58074-003-02,117,58.5
58074-003-03,117,58.5
58074-003-04,117,58.5
57901-013-01,51,25.5
57901-013-02,51,25.5
57911-009-01,64,44.8
57911-009-02,64,44.8
57892-003-01,60,42
57892-003-02,60,42
57906-011-01,72,50.4
57906-011-02,72,50.4
57896-076-01,68,47.6
57896-076-02,68,47.6
57905-251-01,60,42
57905-251-02,60,42
57897-003-01,68,47.6
57897-003-02,68,47.6
57895-003-01,68,47.6
57895-003-02,68,47.6
58020-040-02,67.7,33.85
58020-040-03,67.7,33.85
58020-040-04,67.7,33.85
58020-040-05,67.7,33.85
58004-040-03,61.9,30.95
58004-040-05,61.9,30.95
58006-013-05,129.9,90.93
58006-013-06,129.9,90.93
58006-013-07,129.9,90.93
58023-003-03,51.9,41.52
58023-003-04,51.9,41.52
58023-003-05,51.9,41.52
58023-003-06,51.9,41.52
58006-013-02,93.99,65.8
58006-013-03,93.99,65.8
58006-013-04,93.99,65.8
58021-369-05,93.99,65.8
57984-003-02,86,43
57984-003-03,86,43
57984-003-04,86,43
57984-003-05,86,43
57983-040-02,83.99,41.99
57983-040-03,83.99,41.99
57983-040-04,83.99,41.99
57983-040-05,83.99,41.99
57914-003-02,56.99,39.9
57914-003-03,56.99,39.9
57914-003-04,56.99,39.9
57914-003-05,56.99,39.9
57914-004-02,56.99,39.9
57914-004-03,56.99,39.9
57914-004-04,56.99,39.9
57914-004-05,56.99,39.9
57914-041-02,56.99,39.9
57914-041-03,56.99,39.9
57914-041-04,56.99,39.9
57914-041-05,56.99,39.9
57913-040-02,69.9,34.95
57913-040-03,69.9,34.95
57913-040-04,69.9,34.95
57913-040-05,69.9,34.95
57913-040-06,69.9,34.95
57883-013-01,97,48.5
57883-013-02,97,48.5
57883-013-03,97,48.5
57883-013-04,97,48.5
57882-003-05,99,49.5
57882-003-04,99,49.5
57882-003-03,99,49.5
57882-003-02,99,49.5
57882-003-01,99,49.5
57880-003-01,99,49.5
57880-003-02,99,49.5
57880-003-03,99,49.5
57880-003-04,99,49.5
57880-003-05,99,49.5
57881-003-01,103,51.5
57881-003-02,103,51.5
57881-003-03,103,51.5
57881-003-04,103,51.5
57881-003-05,103,51.5
57879-015-01,140.25,70.13
57879-015-02,140.25,70.13
57879-015-03,140.25,70.13
57879-015-04,140.25,70.13
57879-015-05,140.25,70.13
57879-281-03,140.25,70.13
57879-281-01,140.25,70.13
57879-281-02,140.25,70.13
57879-281-04,140.25,70.13
57879-281-05,140.25,70.13
57879-003-01,140.25,70.13
57879-003-02,140.25,70.13
57879-003-03,140.25,70.13
57879-003-04,140.25,70.13
57879-003-05,140.25,70.13
57878-003-01,140.25,70.13
57878-003-02,140.25,70.13
57878-003-03,140.25,70.13
57878-003-04,140.25,70.13
57878-003-05,140.25,70.13
57878-281-01,140.25,70.13
57878-281-02,140.25,70.13
57878-281-03,140.25,70.13
57878-281-04,140.25,70.13
57878-281-05,140.25,70.13
57869-005-01,101,70.7
57869-005-02,101,70.7
57869-005-03,101,70.7
57869-005-04,101,70.7
57869-005-05,101,70.7
57871-003-01,117.5,58.75
57871-003-02,117.5,58.75
57871-003-03,117.5,58.75
57871-003-04,117.5,58.75
57871-003-05,117.5,58.75
57866-013-05,80.5,40.25
57866-013-04,80.5,40.25
57866-013-03,80.5,40.25
57866-013-01,80.5,40.25
57866-013-02,80.5,40.25
57868-040-01,125.75,62.88
57868-040-02,125.75,62.88
57868-040-03,125.75,62.88
57868-040-04,125.75,62.88
57868-040-05,125.75,62.88
57868-058-01,125.75,62.88
57868-058-02,125.75,62.88
57868-058-03,125.75,62.88
57868-058-04,125.75,62.88
57868-058-05,125.75,62.88
57865-003-01,97,48.5
57865-003-02,97,48.5
57865-003-03,97,48.5
57865-003-04,97,48.5
57865-003-05,97,48.5
57874-332-02,289,245.65
57874-332-03,289,245.65
57874-332-04,289,245.65
57874-332-05,289,245.65
57860-396-02,218,185.3
57860-396-03,218,185.3
57860-396-04,218,185.3
57860-396-05,218,185.3
57859-332-02,240,204
57859-332-03,240,204
57859-332-04,240,204
57859-545-02,240,204
57859-545-03,240,204
57859-545-04,240,204
57859-023-02,240,204
57859-023-03,240,204
57859-023-04,240,204
57858-332-02,199,169.15
57858-332-03,199,169.15
57858-332-04,199,169.15
57858-332-05,199,169.15
57858-396-02,199,169.15
57873-022-02,149,126.65
57873-022-03,149,126.65
57873-022-04,149,126.65
57861-011-02,189,89
57861-011-03,189,89
57857-519-02,204,173.4
57857-519-03,204,173.4
57857-519-04,204,173.4
57855-020-02,189,160.65
57855-020-03,189,160.65
57855-020-04,189,160.65
57855-020-05,189,160.65
57854-561-02,204,173.4
57854-561-03,204,173.4
57854-561-04,204,173.4
57853-332-02,251,
57853-332-03,251,
57853-332-04,251,
57853-051-02,251,
57853-051-03,251,
57853-051-04,251,
57850-396-02,218,185.3
57850-396-03,218,185.3
57850-396-04,218,185.3
57850-396-05,218,185.3
57849-556-02,182,154.7
57849-556-03,182,154.7
57849-556-04,182,154.7
57849-556-05,182,154.7
57848-012-02,187,
57848-012-03,187,
57848-012-04,187,
57848-012-05,187,
57847-013-02,199,169.15
57847-013-03,199,169.15
57847-013-04,199,169.15
57852-544-02,189,160.65
57852-544-03,189,160.65
57852-544-04,189,160.65
57851-443-04,199,169.15
57851-443-02,199,169.15
57851-443-03,199,169.15
57851-097-02,199,169.15
57851-097-03,199,169.15
57851-097-04,199,169.15
57845-028-02,232,197.2
57845-028-03,232,197.2
57845-028-04,232,197.2
57845-028-05,232,197.2
57842-096-02,176,149.6
57842-096-03,176,149.6
57842-096-04,176,149.6
57842-096-05,176,149.6
57842-096-06,176,149.6
57841-332-02,219,186.15
57841-332-03,219,186.15
57841-332-04,219,186.15
57841-332-05,219,186.15
57840-488-02,229,99
57840-488-03,229,99
57840-488-04,229,99
57840-488-05,229,99
57840-488-06,229,99
57839-488-02,178,151.3
57830-052-03,345,293.25
57830-023-04,345,293.25
57829-016-03,259,220.15
57805-332-02,262,
57805-332-03,262,
57805-332-04,262,
57805-332-05,262,
57805-561-02,262,222.7
57805-561-03,262,222.7
57805-561-04,262,222.7
57805-561-05,262,222.7
57719-332-05,195,165.75
57719-332-04,195,165.75
57719-332-03,195,165.75
57719-332-02,195,165.75
57630-028-02,206,175.1
57630-028-03,206,175.1
57396-550-02,169,143.65
57396-550-03,169,143.65
57396-550-04,169,143.65
57395-097-02,188,94
57395-097-03,188,94
57395-097-04,188,94
57369-488-02,169,118
57369-488-03,169,118
57369-488-04,169,118
57674-332-02,167,105
57674-332-03,167,105
57674-332-04,167,105
57674-007-02,167,105
57674-007-03,167,105
57674-007-04,167,105
57385-097-02,233,198.05
57385-097-03,233,198.05
57385-097-04,233,198.05
56395-097-02,239,203.15
56395-097-03,239,203.15
56395-097-04,239,203.15
56061-028-05,258,219.3
56061-028-02,258,219.3
56061-028-03,258,219.3
56061-028-04,258,219.3
57806-396-02,169,143.65
57806-396-03,169,143.65
57806-396-04,169,143.65
57806-396-05,169,143.65
57807-016-02,126,107.1
57807-016-03,126,107.1
57807-016-04,126,107.1
57807-016-05,126,107.1
57804-521-03,218,110
57804-521-04,218,110
57804-521-05,218,110
57804-521-02,218,110
57753-029-02,64.9,45.43
57753-029-03,64.9,45.43
57753-029-04,64.9,45.43
57630-488-03,213,181.05
57630-488-04,213,181.05
57630-488-02,213,181.05
57630-051-02,213,181.05
57630-051-03,213,181.05
57630-051-04,213,181.05
57639-530-02,186,158.1
57639-530-03,186,158.1
57639-530-04,186,158.1
57639-530-05,186,158.1
57731-029-02,128,108.8
57731-029-03,128,108.8
57731-029-04,128,108.8
57731-029-05,128,108.8
57073-028-01,196,98
57073-028-02,196,98
57073-028-03,196,98
57073-028-04,196,98
57394-016-02,209,177.65
57394-016-03,209,177.65
57394-016-04,209,177.65
57394-556-02,209,
57394-556-03,209,
57394-556-04,209,
57394-488-02,209,177.65
57394-488-03,209,177.65
57394-488-04,209,177.65
57391-029-02,211,179.35
57391-029-03,211,179.35
57391-029-04,211,179.35
57391-029-05,211,179.35
57457-051-02,129,109.65
57457-051-03,129,109.65
57457-051-04,129,109.65
57457-051-05,129,109.65
57382-016-02,186,158.1
57382-016-03,186,158.1
57382-016-04,186,158.1
57382-556-02,186,158.1
57382-556-03,186,158.1
57382-556-04,186,158.1
57385-561-02,233,198.05
57385-561-03,233,198.05
57385-561-04,233,198.05
56982-011-02,212,180.2
56984-488-05,218,185.3
56984-332-02,218,185.3
56984-332-03,218,185.3
56984-332-04,218,185.3
56984-332-05,218,185.3
57726-051-07,160,136
57723-561-05,195,165.75
57723-561-11,195,165.75
57723-561-09,195,165.75
57723-561-08,195,165.75
57723-561-07,195,165.75
57723-561-06,195,165.75
57723-561-10,195,165.75
57723-396-05,195,165.75
57723-396-07,195,165.75
57723-396-06,195,165.75
57723-007-05,195,165.75
57723-007-06,195,165.75
57723-007-07,195,165.75
57758-097-06,152,129.2
57758-097-07,152,129.2
57758-097-08,152,129.2
57758-097-09,152,129.2
57359-561-04,254,215.9
57359-561-06,254,215.9
57762-097-06,192,163.2
57762-097-07,192,163.2
57762-097-08,192,163.2
57762-097-09,192,163.2
57763-097-06,192,163.2
57763-097-07,192,163.2
57763-097-08,192,163.2
57763-097-09,192,163.2
57763-561-06,192,163.2
57763-561-07,192,163.2
57763-561-08,192,163.2
57763-561-09,192,163.2
57764-097-06,152,129.2
57764-097-07,152,129.2
57764-097-08,152,129.2
57764-097-09,152,129.2
57759-576-06,144,122.4
57759-576-07,144,122.4
57759-576-08,144,122.4
57759-576-09,144,122.4
57401-028-10,169,143.65
57720-396-07,208,176.8
57720-396-08,208,176.8
57720-396-09,208,176.8
57720-396-10,208,176.8
57761-097-09,192,163.2
57761-097-06,192,163.2
57761-097-07,192,163.2
57761-097-08,192,163.2
57761-561-06,192,163.2
57761-561-07,192,163.2
57761-561-08,192,163.2
57761-561-09,192,163.2
57761-576-06,192,163.2
57761-576-07,192,163.2
57761-576-08,192,163.2
57761-576-09,192,163.2
57068-281-01,196,166.6
57068-281-02,196,166.6
57068-281-03,196,166.6
57730-011-06,143,121.55
57730-011-07,143,121.55
57730-011-08,143,121.55
57730-011-09,143,121.55
57729-488-06,159,135.15
57729-488-07,159,135.15
57729-488-09,159,135.15
57729-488-08,159,135.15
57663-023-02,244,207.4
57663-023-03,244,207.4
57663-023-04,244,207.4
57663-023-05,244,207.4
57664-027-02,259,181
57664-027-03,259,181
57664-027-04,259,181
57664-027-05,259,181
57664-019-02,259,181
57664-019-03,259,181
57664-019-04,259,181
57664-019-05,259,181
57661-396-06,259,220.15
57661-396-07,259,220.15
57661-396-08,259,220.15
57661-029-06,259,220.15
57661-029-07,259,220.15
57661-029-08,259,220.15
57661-028-06,259,220.15
57661-028-07,259,220.15
57661-028-08,259,220.15
57661-097-06,259,220.15
57661-097-07,259,220.15
57661-097-08,259,220.15
57642-022-02,114.9,97.65
57642-022-01,114.9,97.65
57642-022-03,114.9,97.65
57679-022-05,149.9,104.93
57679-022-04,149.9,104.93
57679-022-03,149.9,104.93
57679-022-02,149.9,104.93
57680-022-04,89.9,62.93
57680-022-03,89.9,62.93
57680-022-02,89.9,62.93
57517-004-04,56.9,39.8
57517-004-03,56.9,39.8
57517-004-02,56.9,39.8
57637-530-04,148,103.6
57637-530-03,148,103.6
57637-530-02,148,103.6
57640-332-05,236,200.6
57640-332-04,236,200.6
57640-332-03,236,200.6
57640-332-02,236,200.6
57390-029-04,186,158.1
57390-029-02,186,158.1
57390-029-05,186,158.1
57390-029-03,186,158.1
57472-007-06,283,240.55
57472-007-05,283,240.55
57470-396-08,196,98
57470-396-07,196,98
57469-007-05,256,217.6
57469-007-04,256,217.6
57469-007-06,256,217.6
57469-007-02,256,217.6
57415-013-04,129,90.3
57415-013-03,129,90.3
57415-013-05,129,90.3
57415-013-02,129,90.3
57414-007-05,99,69.3
57414-007-04,99,69.3
57414-007-03,99,69.3
57414-007-02,99,69.3
57402-332-10,214,181.9
57402-332-09,214,181.9
57402-332-08,214,181.9
57402-332-07,214,181.9
57354-247-05,193,164.05
57354-247-04,193,164.05
57354-247-03,193,164.05
57354-247-02,193,164.05
57368-543-05,224,190.4
57368-543-04,224,190.4
57368-543-03,224,190.4
57368-543-02,224,190.4
57409-443-02,236,200.6
57408-082-02,256,217.6
57399-007-04,189,160.65
57399-007-03,189,160.65
57399-007-02,189,160.65
57396-488-04,169,143.65
57396-488-03,169,143.65
57396-488-02,169,143.65
57394-157-04,209,177.65
57394-157-03,209,177.65
57394-157-02,209,177.65
57398-281-02,256,217.6
57400-530-04,149,126
57400-530-03,149,126
57400-530-02,149,126
57395-157-05,188,94
57395-157-03,188,94
57395-157-02,188,94
57385-488-02,233,198.05
57385-488-04,233,198.05
57385-488-03,233,198.05
57384-488-04,209,177.65
57379-396-05,256,217.6
57379-396-04,256,217.6
57379-396-03,256,217.6
57379-396-02,256,217.6
57375-488-05,306,260.1
57375-488-04,306,260.1
57375-488-03,306,260.1
57375-488-02,306,260.1
57374-530-03,113,96
57374-530-04,113,96
57374-530-02,113,96
57371-530-04,148,125.8
57371-530-03,148,125.8
57371-530-02,148,125.8
57362-556-07,240,204
57362-556-06,240,204
57362-556-05,240,204
57362-556-04,240,204
57360-556-05,252,214.2
57356-488-07,228,193.8
57356-488-06,228,193.8
57356-488-05,228,193.8
57356-488-04,228,193.8
56118-576-03,334,283.9
57151-023-02,99.6,49.8
57151-023-01,99.6,49.8
57144-060-03,79.7,29
57144-060-02,79.7,29
57144-060-01,79.7,29
57118-011-04,56,22
57118-011-03,56,22
57118-011-02,56,22
57210-060-02,89,44.5
57210-060-01,89,44.5
56064-281-02,168,142.8
57110-058-01,54,19
57110-058-02,54,19
57155-003-05,38.9,19.45
57155-003-04,38.9,19.45
57155-003-03,38.9,19.45
57155-003-02,38.9,19.45
57155-003-01,38.9,19.45
57010-019-05,227,109
57010-019-09,227,109
57010-019-07,227,109
57010-019-04,227,109
57005-281-05,255,216.75
57005-281-04,255,216.75
57005-281-03,255,216.75
57005-281-02,255,216.75
57003-051-02,175,89
57002-488-04,276,138
57002-488-02,276,138
57002-488-03,276,138
57002-488-05,276,138
56072-003-05,189,160.65
56072-003-04,189,160.65
56072-003-03,189,160.65
56072-003-02,189,160.65
56818-488-02,289,99
56818-488-03,289,99
56818-488-04,289,99
56904-019-03,240,204
56900-547-03,369,313.65
56066-561-02,199,169.15
56066-561-05,199,169.15
56405-011-04,419,356.15
56004-015-06,216,183.6
56004-015-07,216,183.6
56004-015-08,216,183.6
56138-097-07,229,
56138-097-06,229,
56138-097-05,229,
56658-443-04,344,149
56003-396-05,176,149.6
56003-396-03,176,149.6
56452-043-05,246,139
56452-043-04,246,139
56452-043-06,246,139
56662-465-06,178,151.3
56407-097-03,336,149
56639-281-02,199,99
56639-281-03,199,99
56639-281-04,199,99
56634-281-02,139,118.15
56634-281-03,139,118.15
56634-281-04,139,118.15
56114-003-04,236,200.6
56114-003-03,236,200.6
56114-003-05,236,200.6
56114-003-02,236,200.6
56484-501-03,135,114.75
56484-501-02,135,114.75
56484-501-04,135,114.75
55077-007-03,196,166.6
55077-007-02,196,166.6
56127-396-03,248,210.8
56127-396-05,248,210.8
56127-396-04,248,210.8
56091-097-08,252,214.2
56032-012-04,254,215.9
56065-007-05,219,186.15
56065-007-04,219,186.15
56065-007-03,219,186.15
56065-007-02,219,186.15
56067-003-04,159,89
56067-003-03,159,89
56067-003-02,159,89
56058-007-05,189,160.65
56058-007-03,189,160.65
56058-007-04,189,160.65
56058-007-02,189,160.65
56076-550-04,155,131.75
56068-556-02,199,169.15
56068-556-03,199,169.15
56068-556-04,199,169.15
55677-015-03,119,101.15
54202-020-04,184,156.4
53741-007-04,439,373.15
55071-003-02,133,113
52860-015-05,151,128.35
53643-281-03,390,331.5
53643-281-06,390,331.5
52437-022-04,137,49.99
52437-022-02,137,49.99
52437-022-03,137,49.99
